"Path","LineNumber","Line"
"C:\xampp\htdocs\aruvi-plus\public\css\benefits.css","42","    color: #fff !important;"
"C:\xampp\htdocs\aruvi-plus\public\css\benefits.css","47","    color: #ddd !important;"
"C:\xampp\htdocs\aruvi-plus\public\css\cart.css","150","        white-space: nowrap !important;"
"C:\xampp\htdocs\aruvi-plus\public\css\cart.css","194","        display: flex !important;"
"C:\xampp\htdocs\aruvi-plus\public\css\cart.css","195","        flex-direction: column !important;"
"C:\xampp\htdocs\aruvi-plus\public\css\cart.css","196","        justify-content: center !important;"
"C:\xampp\htdocs\aruvi-plus\public\css\cart.css","197","        gap: 5px !important;"
"C:\xampp\htdocs\aruvi-plus\public\css\cart.css","198","        padding: 0 5px !important;"
"C:\xampp\htdocs\aruvi-plus\public\css\cart.css","203","        display: flex !important;"
"C:\xampp\htdocs\aruvi-plus\public\css\cart.css","204","        flex-direction: row !important;"
"C:\xampp\htdocs\aruvi-plus\public\css\cart.css","205","        justify-content: space-between !important;"
"C:\xampp\htdocs\aruvi-plus\public\css\cart.css","206","        align-items: center !important;"
"C:\xampp\htdocs\aruvi-plus\public\css\cart.css","207","        flex-wrap: wrap !important; /* Allow wrapping */"
"C:\xampp\htdocs\aruvi-plus\public\css\cart.css","221","        margin: 0 !important;"
"C:\xampp\htdocs\aruvi-plus\public\css\cart.css","222","        white-space: nowrap !important;"
"C:\xampp\htdocs\aruvi-plus\public\css\cart.css","226","        font-size: 15px !important; /* Reduced from 18px-20px */"
"C:\xampp\htdocs\aruvi-plus\public\css\cart.css","607","        padding: 0 5px !important;"
"C:\xampp\htdocs\aruvi-plus\public\css\cart.css","620","        gap: 8px !important;"
"C:\xampp\htdocs\aruvi-plus\public\css\premium_products.css","257","    display: none !important;"
"C:\xampp\htdocs\aruvi-plus\public\css\process.css","55","    color: #fff !important;"
"C:\xampp\htdocs\aruvi-plus\public\css\process.css","60","    color: #ddd !important;"
"C:\xampp\htdocs\aruvi-plus\public\css\product-detail.css","318","        font-size: 16px !important; /* Slightly smaller text */"
"C:\xampp\htdocs\aruvi-plus\public\css\product-detail.css","470","        display: block !important;"
"C:\xampp\htdocs\aruvi-plus\public\css\style.css","3659","    color: #fff !important;"
"C:\xampp\htdocs\aruvi-plus\public\css\style.css","4088","        grid-template-columns: 1fr !important;"
"C:\xampp\htdocs\aruvi-plus\resources\views\admin\blogs-create.blade.php","39","        color: #fff !important;"
"C:\xampp\htdocs\aruvi-plus\resources\views\admin\blogs-edit.blade.php","38","        color: #fff !important;"
"C:\xampp\htdocs\aruvi-plus\resources\views\admin\blogs.blade.php","10","            height: 42px !important;"
"C:\xampp\htdocs\aruvi-plus\resources\views\admin\blogs.blade.php","11","            border-radius: 50px !important;"
"C:\xampp\htdocs\aruvi-plus\resources\views\admin\blogs.blade.php","12","            padding: 0 25px !important;"
"C:\xampp\htdocs\aruvi-plus\resources\views\admin\blogs.blade.php","13","            font-size: 11px !important;"
"C:\xampp\htdocs\aruvi-plus\resources\views\admin\blogs.blade.php","14","            font-weight: 800 !important;"
"C:\xampp\htdocs\aruvi-plus\resources\views\admin\blogs.blade.php","15","            background: #fff !important;"
"C:\xampp\htdocs\aruvi-plus\resources\views\admin\blogs.blade.php","16","            color: var(--primary) !important;"
"C:\xampp\htdocs\aruvi-plus\resources\views\admin\blogs.blade.php","17","            border: 1px solid var(--primary) !important;"
"C:\xampp\htdocs\aruvi-plus\resources\views\admin\blogs.blade.php","18","            display: inline-flex !important;"
"C:\xampp\htdocs\aruvi-plus\resources\views\admin\blogs.blade.php","19","            align-items: center !important;"
"C:\xampp\htdocs\aruvi-plus\resources\views\admin\blogs.blade.php","20","            justify-content: center !important;"
"C:\xampp\htdocs\aruvi-plus\resources\views\admin\blogs.blade.php","21","            box-shadow: 0 2px 8px rgba(255, 109, 0, 0.12) !important;"
"C:\xampp\htdocs\aruvi-plus\resources\views\admin\blogs.blade.php","22","            transition: all 0.3s ease !important;"
"C:\xampp\htdocs\aruvi-plus\resources\views\admin\blogs.blade.php","23","            text-transform: uppercase !important;"
"C:\xampp\htdocs\aruvi-plus\resources\views\admin\blogs.blade.php","24","            letter-spacing: 0.5px !important;"
"C:\xampp\htdocs\aruvi-plus\resources\views\admin\blogs.blade.php","25","            cursor: pointer !important;"
"C:\xampp\htdocs\aruvi-plus\resources\views\admin\blogs.blade.php","26","            text-decoration: none !important;"
"C:\xampp\htdocs\aruvi-plus\resources\views\admin\blogs.blade.php","30","            background: var(--primary) !important;"
"C:\xampp\htdocs\aruvi-plus\resources\views\admin\blogs.blade.php","31","            color: #fff !important;"
"C:\xampp\htdocs\aruvi-plus\resources\views\admin\blogs.blade.php","32","            transform: translateY(-1px) !important;"
"C:\xampp\htdocs\aruvi-plus\resources\views\admin\blogs.blade.php","33","            box-shadow: 0 4px 12px rgba(255, 109, 0, 0.2) !important;"
"C:\xampp\htdocs\aruvi-plus\resources\views\admin\blogs.blade.php","37","            background: linear-gradient(135deg, var(--primary) 0%, var(--primary) 100%) !important;"
"C:\xampp\htdocs\aruvi-plus\resources\views\admin\blogs.blade.php","38","            border: none !important;"
"C:\xampp\htdocs\aruvi-plus\resources\views\admin\blogs.blade.php","39","            color: #fff !important;"
"C:\xampp\htdocs\aruvi-plus\resources\views\admin\blogs.blade.php","43","            display: flex !important;"
"C:\xampp\htdocs\aruvi-plus\resources\views\admin\blogs.blade.php","44","            align-items: center !important;"
"C:\xampp\htdocs\aruvi-plus\resources\views\admin\blogs.blade.php","45","            gap: 12px !important;"
"C:\xampp\htdocs\aruvi-plus\resources\views\admin\blogs.blade.php","49","            width: 220px !important;"
"C:\xampp\htdocs\aruvi-plus\resources\views\admin\categories.blade.php","10","            height: 42px !important;"
"C:\xampp\htdocs\aruvi-plus\resources\views\admin\categories.blade.php","11","            border-radius: 50px !important;"
"C:\xampp\htdocs\aruvi-plus\resources\views\admin\categories.blade.php","12","            padding: 0 25px !important;"
"C:\xampp\htdocs\aruvi-plus\resources\views\admin\categories.blade.php","13","            font-size: 11px !important;"
"C:\xampp\htdocs\aruvi-plus\resources\views\admin\categories.blade.php","14","            font-weight: 800 !important;"
"C:\xampp\htdocs\aruvi-plus\resources\views\admin\categories.blade.php","15","            background: #fff !important;"
"C:\xampp\htdocs\aruvi-plus\resources\views\admin\categories.blade.php","16","            color: var(--primary) !important;"
"C:\xampp\htdocs\aruvi-plus\resources\views\admin\categories.blade.php","17","            border: 1px solid var(--primary) !important;"
"C:\xampp\htdocs\aruvi-plus\resources\views\admin\categories.blade.php","18","            display: inline-flex !important;"
"C:\xampp\htdocs\aruvi-plus\resources\views\admin\categories.blade.php","19","            align-items: center !important;"
"C:\xampp\htdocs\aruvi-plus\resources\views\admin\categories.blade.php","20","            justify-content: center !important;"
"C:\xampp\htdocs\aruvi-plus\resources\views\admin\categories.blade.php","21","            box-shadow: 0 2px 8px rgba(255, 109, 0, 0.12) !important;"
"C:\xampp\htdocs\aruvi-plus\resources\views\admin\categories.blade.php","22","            transition: all 0.3s ease !important;"
"C:\xampp\htdocs\aruvi-plus\resources\views\admin\categories.blade.php","23","            text-transform: uppercase !important;"
"C:\xampp\htdocs\aruvi-plus\resources\views\admin\categories.blade.php","24","            letter-spacing: 0.5px !important;"
"C:\xampp\htdocs\aruvi-plus\resources\views\admin\categories.blade.php","25","            cursor: pointer !important;"
"C:\xampp\htdocs\aruvi-plus\resources\views\admin\categories.blade.php","26","            text-decoration: none !important;"
"C:\xampp\htdocs\aruvi-plus\resources\views\admin\categories.blade.php","30","            background: var(--primary) !important;"
"C:\xampp\htdocs\aruvi-plus\resources\views\admin\categories.blade.php","31","            color: #fff !important;"
"C:\xampp\htdocs\aruvi-plus\resources\views\admin\categories.blade.php","32","            transform: translateY(-1px) !important;"
"C:\xampp\htdocs\aruvi-plus\resources\views\admin\categories.blade.php","33","            box-shadow: 0 4px 12px rgba(255, 109, 0, 0.2) !important;"
"C:\xampp\htdocs\aruvi-plus\resources\views\admin\categories.blade.php","37","            background: linear-gradient(135deg, var(--primary) 0%, var(--primary) 100%) !important;"
"C:\xampp\htdocs\aruvi-plus\resources\views\admin\categories.blade.php","38","            border: none !important;"
"C:\xampp\htdocs\aruvi-plus\resources\views\admin\categories.blade.php","39","            color: #fff !important;"
"C:\xampp\htdocs\aruvi-plus\resources\views\admin\categories.blade.php","43","            display: flex !important;"
"C:\xampp\htdocs\aruvi-plus\resources\views\admin\categories.blade.php","44","            align-items: center !important;"
"C:\xampp\htdocs\aruvi-plus\resources\views\admin\categories.blade.php","45","            gap: 12px !important;"
"C:\xampp\htdocs\aruvi-plus\resources\views\admin\categories.blade.php","49","            width: 220px !important;"
"C:\xampp\htdocs\aruvi-plus\resources\views\admin\category-create.blade.php","147","        color: #fff !important;"
"C:\xampp\htdocs\aruvi-plus\resources\views\admin\coupons-create.blade.php","121","        background: var(--icon-gradient) !important;"
"C:\xampp\htdocs\aruvi-plus\resources\views\admin\coupons-create.blade.php","122","        border: none !important;"
"C:\xampp\htdocs\aruvi-plus\resources\views\admin\coupons-create.blade.php","123","        color: white !important;"
"C:\xampp\htdocs\aruvi-plus\resources\views\admin\coupons-create.blade.php","124","        border-radius: 8px !important;"
"C:\xampp\htdocs\aruvi-plus\resources\views\admin\coupons-create.blade.php","125","        margin: 4px !important;"
"C:\xampp\htdocs\aruvi-plus\resources\views\admin\coupons-create.blade.php","126","        display: inline-flex !important;"
"C:\xampp\htdocs\aruvi-plus\resources\views\admin\coupons-create.blade.php","127","        align-items: center !important;"
"C:\xampp\htdocs\aruvi-plus\resources\views\admin\coupons-create.blade.php","128","        padding: 0 !important;"
"C:\xampp\htdocs\aruvi-plus\resources\views\admin\coupons-create.blade.php","129","        height: 32px !important;"
"C:\xampp\htdocs\aruvi-plus\resources\views\admin\coupons-create.blade.php","130","        overflow: hidden !important;"
"C:\xampp\htdocs\aruvi-plus\resources\views\admin\coupons-create.blade.php","132","        position: relative !important;"
"C:\xampp\htdocs\aruvi-plus\resources\views\admin\coupons-create.blade.php","135","        position: static !important;"
"C:\xampp\htdocs\aruvi-plus\resources\views\admin\coupons-create.blade.php","136","        color: rgba(255, 255, 255, 0.9) !important;"
"C:\xampp\htdocs\aruvi-plus\resources\views\admin\coupons-create.blade.php","137","        border: none !important;"
"C:\xampp\htdocs\aruvi-plus\resources\views\admin\coupons-create.blade.php","138","        background: rgba(255, 255, 255, 0.15) !important;"
"C:\xampp\htdocs\aruvi-plus\resources\views\admin\coupons-create.blade.php","139","        font-weight: bold !important;"
"C:\xampp\htdocs\aruvi-plus\resources\views\admin\coupons-create.blade.php","140","        font-size: 18px !important;"
"C:\xampp\htdocs\aruvi-plus\resources\views\admin\coupons-create.blade.php","141","        cursor: pointer !important;"
"C:\xampp\htdocs\aruvi-plus\resources\views\admin\coupons-create.blade.php","142","        padding: 0 !important;"
"C:\xampp\htdocs\aruvi-plus\resources\views\admin\coupons-create.blade.php","143","        margin: 0 !important;"
"C:\xampp\htdocs\aruvi-plus\resources\views\admin\coupons-create.blade.php","144","        display: flex !important;"
"C:\xampp\htdocs\aruvi-plus\resources\views\admin\coupons-create.blade.php","145","        align-items: center !important;"
"C:\xampp\htdocs\aruvi-plus\resources\views\admin\coupons-create.blade.php","146","        justify-content: center !important;"
"C:\xampp\htdocs\aruvi-plus\resources\views\admin\coupons-create.blade.php","147","        width: 32px !important;"
"C:\xampp\htdocs\aruvi-plus\resources\views\admin\coupons-create.blade.php","148","        height: 32px !important;"
"C:\xampp\htdocs\aruvi-plus\resources\views\admin\coupons-create.blade.php","149","        transition: all 0.2s !important;"
"C:\xampp\htdocs\aruvi-plus\resources\views\admin\coupons-create.blade.php","150","        border-right: 1px solid rgba(255, 255, 255, 0.1) !important;"
"C:\xampp\htdocs\aruvi-plus\resources\views\admin\coupons-create.blade.php","153","        padding: 0 12px 0 10px !important;"
"C:\xampp\htdocs\aruvi-plus\resources\views\admin\coupons-create.blade.php","154","        display: flex !important;"
"C:\xampp\htdocs\aruvi-plus\resources\views\admin\coupons-create.blade.php","155","        align-items: center !important;"
"C:\xampp\htdocs\aruvi-plus\resources\views\admin\coupons-create.blade.php","156","        height: 100% !important;"
"C:\xampp\htdocs\aruvi-plus\resources\views\admin\coupons-create.blade.php","157","        font-size: 13px !important;"
"C:\xampp\htdocs\aruvi-plus\resources\views\admin\coupons-create.blade.php","158","        font-weight: 500 !important;"
"C:\xampp\htdocs\aruvi-plus\resources\views\admin\coupons-create.blade.php","159","        margin: 0 !important;"
"C:\xampp\htdocs\aruvi-plus\resources\views\admin\coupons-create.blade.php","162","        background: rgba(255, 255, 255, 0.3) !important;"
"C:\xampp\htdocs\aruvi-plus\resources\views\admin\coupons-create.blade.php","163","        color: #fff !important;"
"C:\xampp\htdocs\aruvi-plus\resources\views\admin\coupons-create.blade.php","182","        background: var(--icon-gradient) !important;"
"C:\xampp\htdocs\aruvi-plus\resources\views\admin\coupons-create.blade.php","186","        margin-top: 5px !important;"
"C:\xampp\htdocs\aruvi-plus\resources\views\admin\coupons-create.blade.php","189","        margin-top: 0 !important;"
"C:\xampp\htdocs\aruvi-plus\resources\views\admin\coupons-create.blade.php","190","        margin-left: 10px !important;"
"C:\xampp\htdocs\aruvi-plus\resources\views\admin\coupons-create.blade.php","191","        height: 32px !important;"
"C:\xampp\htdocs\aruvi-plus\resources\views\admin\coupons-create.blade.php","192","        line-height: 32px !important;"
"C:\xampp\htdocs\aruvi-plus\resources\views\admin\coupons-create.blade.php","193","        vertical-align: middle !important;"
"C:\xampp\htdocs\aruvi-plus\resources\views\admin\coupons-create.blade.php","194","        font-family: inherit !important;"
"C:\xampp\htdocs\aruvi-plus\resources\views\admin\coupons-create.blade.php","195","        font-size: 14px !important;"
"C:\xampp\htdocs\aruvi-plus\resources\views\admin\coupons-edit.blade.php","123","        background: var(--icon-gradient) !important;"
"C:\xampp\htdocs\aruvi-plus\resources\views\admin\coupons-edit.blade.php","124","        border: none !important;"
"C:\xampp\htdocs\aruvi-plus\resources\views\admin\coupons-edit.blade.php","125","        color: white !important;"
"C:\xampp\htdocs\aruvi-plus\resources\views\admin\coupons-edit.blade.php","126","        border-radius: 8px !important;"
"C:\xampp\htdocs\aruvi-plus\resources\views\admin\coupons-edit.blade.php","127","        margin: 4px !important;"
"C:\xampp\htdocs\aruvi-plus\resources\views\admin\coupons-edit.blade.php","128","        display: inline-flex !important;"
"C:\xampp\htdocs\aruvi-plus\resources\views\admin\coupons-edit.blade.php","129","        align-items: center !important;"
"C:\xampp\htdocs\aruvi-plus\resources\views\admin\coupons-edit.blade.php","130","        padding: 0 !important;"
"C:\xampp\htdocs\aruvi-plus\resources\views\admin\coupons-edit.blade.php","131","        height: 32px !important;"
"C:\xampp\htdocs\aruvi-plus\resources\views\admin\coupons-edit.blade.php","132","        overflow: hidden !important;"
"C:\xampp\htdocs\aruvi-plus\resources\views\admin\coupons-edit.blade.php","134","        position: relative !important;"
"C:\xampp\htdocs\aruvi-plus\resources\views\admin\coupons-edit.blade.php","137","        position: static !important;"
"C:\xampp\htdocs\aruvi-plus\resources\views\admin\coupons-edit.blade.php","138","        color: rgba(255, 255, 255, 0.9) !important;"
"C:\xampp\htdocs\aruvi-plus\resources\views\admin\coupons-edit.blade.php","139","        border: none !important;"
"C:\xampp\htdocs\aruvi-plus\resources\views\admin\coupons-edit.blade.php","140","        background: rgba(255, 255, 255, 0.15) !important;"
"C:\xampp\htdocs\aruvi-plus\resources\views\admin\coupons-edit.blade.php","141","        font-weight: bold !important;"
"C:\xampp\htdocs\aruvi-plus\resources\views\admin\coupons-edit.blade.php","142","        font-size: 18px !important;"
"C:\xampp\htdocs\aruvi-plus\resources\views\admin\coupons-edit.blade.php","143","        cursor: pointer !important;"
"C:\xampp\htdocs\aruvi-plus\resources\views\admin\coupons-edit.blade.php","144","        padding: 0 !important;"
"C:\xampp\htdocs\aruvi-plus\resources\views\admin\coupons-edit.blade.php","145","        margin: 0 !important;"
"C:\xampp\htdocs\aruvi-plus\resources\views\admin\coupons-edit.blade.php","146","        display: flex !important;"
"C:\xampp\htdocs\aruvi-plus\resources\views\admin\coupons-edit.blade.php","147","        align-items: center !important;"
"C:\xampp\htdocs\aruvi-plus\resources\views\admin\coupons-edit.blade.php","148","        justify-content: center !important;"
"C:\xampp\htdocs\aruvi-plus\resources\views\admin\coupons-edit.blade.php","149","        width: 32px !important;"
"C:\xampp\htdocs\aruvi-plus\resources\views\admin\coupons-edit.blade.php","150","        height: 32px !important;"
"C:\xampp\htdocs\aruvi-plus\resources\views\admin\coupons-edit.blade.php","151","        transition: all 0.2s !important;"
"C:\xampp\htdocs\aruvi-plus\resources\views\admin\coupons-edit.blade.php","152","        border-right: 1px solid rgba(255, 255, 255, 0.1) !important;"
"C:\xampp\htdocs\aruvi-plus\resources\views\admin\coupons-edit.blade.php","155","        padding: 0 12px 0 10px !important;"
"C:\xampp\htdocs\aruvi-plus\resources\views\admin\coupons-edit.blade.php","156","        display: flex !important;"
"C:\xampp\htdocs\aruvi-plus\resources\views\admin\coupons-edit.blade.php","157","        align-items: center !important;"
"C:\xampp\htdocs\aruvi-plus\resources\views\admin\coupons-edit.blade.php","158","        height: 100% !important;"
"C:\xampp\htdocs\aruvi-plus\resources\views\admin\coupons-edit.blade.php","159","        font-size: 13px !important;"
"C:\xampp\htdocs\aruvi-plus\resources\views\admin\coupons-edit.blade.php","160","        font-weight: 500 !important;"
"C:\xampp\htdocs\aruvi-plus\resources\views\admin\coupons-edit.blade.php","161","        margin: 0 !important;"
"C:\xampp\htdocs\aruvi-plus\resources\views\admin\coupons-edit.blade.php","164","        background: rgba(255, 255, 255, 0.3) !important;"
"C:\xampp\htdocs\aruvi-plus\resources\views\admin\coupons-edit.blade.php","165","        color: #fff !important;"
"C:\xampp\htdocs\aruvi-plus\resources\views\admin\coupons-edit.blade.php","184","        background: var(--icon-gradient) !important;"
"C:\xampp\htdocs\aruvi-plus\resources\views\admin\coupons-edit.blade.php","188","        margin-top: 5px !important;"
"C:\xampp\htdocs\aruvi-plus\resources\views\admin\coupons-edit.blade.php","191","        margin-top: 0 !important;"
"C:\xampp\htdocs\aruvi-plus\resources\views\admin\coupons-edit.blade.php","192","        margin-left: 10px !important;"
"C:\xampp\htdocs\aruvi-plus\resources\views\admin\coupons-edit.blade.php","193","        height: 32px !important;"
"C:\xampp\htdocs\aruvi-plus\resources\views\admin\coupons-edit.blade.php","194","        line-height: 32px !important;"
"C:\xampp\htdocs\aruvi-plus\resources\views\admin\coupons-edit.blade.php","195","        vertical-align: middle !important;"
"C:\xampp\htdocs\aruvi-plus\resources\views\admin\coupons-edit.blade.php","196","        font-family: inherit !important;"
"C:\xampp\htdocs\aruvi-plus\resources\views\admin\coupons-edit.blade.php","197","        font-size: 14px !important;"
"C:\xampp\htdocs\aruvi-plus\resources\views\admin\coupons.blade.php","10","            height: 42px !important;"
"C:\xampp\htdocs\aruvi-plus\resources\views\admin\coupons.blade.php","11","            border-radius: 50px !important;"
"C:\xampp\htdocs\aruvi-plus\resources\views\admin\coupons.blade.php","12","            padding: 0 25px !important;"
"C:\xampp\htdocs\aruvi-plus\resources\views\admin\coupons.blade.php","13","            font-size: 11px !important;"
"C:\xampp\htdocs\aruvi-plus\resources\views\admin\coupons.blade.php","14","            font-weight: 800 !important;"
"C:\xampp\htdocs\aruvi-plus\resources\views\admin\coupons.blade.php","15","            background: #fff !important;"
"C:\xampp\htdocs\aruvi-plus\resources\views\admin\coupons.blade.php","16","            color: var(--primary) !important;"
"C:\xampp\htdocs\aruvi-plus\resources\views\admin\coupons.blade.php","17","            border: 1px solid var(--primary) !important;"
"C:\xampp\htdocs\aruvi-plus\resources\views\admin\coupons.blade.php","18","            display: inline-flex !important;"
"C:\xampp\htdocs\aruvi-plus\resources\views\admin\coupons.blade.php","19","            align-items: center !important;"
"C:\xampp\htdocs\aruvi-plus\resources\views\admin\coupons.blade.php","20","            justify-content: center !important;"
"C:\xampp\htdocs\aruvi-plus\resources\views\admin\coupons.blade.php","21","            box-shadow: 0 2px 8px rgba(255, 109, 0, 0.12) !important;"
"C:\xampp\htdocs\aruvi-plus\resources\views\admin\coupons.blade.php","22","            transition: all 0.3s ease !important;"
"C:\xampp\htdocs\aruvi-plus\resources\views\admin\coupons.blade.php","23","            text-transform: uppercase !important;"
"C:\xampp\htdocs\aruvi-plus\resources\views\admin\coupons.blade.php","24","            letter-spacing: 0.5px !important;"
"C:\xampp\htdocs\aruvi-plus\resources\views\admin\coupons.blade.php","25","            cursor: pointer !important;"
"C:\xampp\htdocs\aruvi-plus\resources\views\admin\coupons.blade.php","26","            text-decoration: none !important;"
"C:\xampp\htdocs\aruvi-plus\resources\views\admin\coupons.blade.php","30","            background: var(--primary) !important;"
"C:\xampp\htdocs\aruvi-plus\resources\views\admin\coupons.blade.php","31","            color: #fff !important;"
"C:\xampp\htdocs\aruvi-plus\resources\views\admin\coupons.blade.php","32","            transform: translateY(-1px) !important;"
"C:\xampp\htdocs\aruvi-plus\resources\views\admin\coupons.blade.php","33","            box-shadow: 0 4px 12px rgba(255, 109, 0, 0.2) !important;"
"C:\xampp\htdocs\aruvi-plus\resources\views\admin\coupons.blade.php","37","            background: linear-gradient(135deg, var(--primary) 0%, var(--primary) 100%) !important;"
"C:\xampp\htdocs\aruvi-plus\resources\views\admin\coupons.blade.php","38","            border: none !important;"
"C:\xampp\htdocs\aruvi-plus\resources\views\admin\coupons.blade.php","39","            color: #fff !important;"
"C:\xampp\htdocs\aruvi-plus\resources\views\admin\coupons.blade.php","43","            display: flex !important;"
"C:\xampp\htdocs\aruvi-plus\resources\views\admin\coupons.blade.php","44","            align-items: center !important;"
"C:\xampp\htdocs\aruvi-plus\resources\views\admin\coupons.blade.php","45","            gap: 12px !important;"
"C:\xampp\htdocs\aruvi-plus\resources\views\admin\coupons.blade.php","49","            width: 220px !important;"
"C:\xampp\htdocs\aruvi-plus\resources\views\admin\inquiries.blade.php","10","            height: 42px !important;"
"C:\xampp\htdocs\aruvi-plus\resources\views\admin\inquiries.blade.php","11","            border-radius: 50px !important;"
"C:\xampp\htdocs\aruvi-plus\resources\views\admin\inquiries.blade.php","12","            padding: 0 25px !important;"
"C:\xampp\htdocs\aruvi-plus\resources\views\admin\inquiries.blade.php","13","            font-size: 11px !important;"
"C:\xampp\htdocs\aruvi-plus\resources\views\admin\inquiries.blade.php","14","            font-weight: 800 !important;"
"C:\xampp\htdocs\aruvi-plus\resources\views\admin\inquiries.blade.php","15","            background: #fff !important;"
"C:\xampp\htdocs\aruvi-plus\resources\views\admin\inquiries.blade.php","16","            color: var(--primary) !important;"
"C:\xampp\htdocs\aruvi-plus\resources\views\admin\inquiries.blade.php","17","            border: 1px solid var(--primary) !important;"
"C:\xampp\htdocs\aruvi-plus\resources\views\admin\inquiries.blade.php","18","            display: inline-flex !important;"
"C:\xampp\htdocs\aruvi-plus\resources\views\admin\inquiries.blade.php","19","            align-items: center !important;"
"C:\xampp\htdocs\aruvi-plus\resources\views\admin\inquiries.blade.php","20","            justify-content: center !important;"
"C:\xampp\htdocs\aruvi-plus\resources\views\admin\inquiries.blade.php","21","            box-shadow: 0 2px 8px rgba(255, 109, 0, 0.12) !important;"
"C:\xampp\htdocs\aruvi-plus\resources\views\admin\inquiries.blade.php","22","            transition: all 0.3s ease !important;"
"C:\xampp\htdocs\aruvi-plus\resources\views\admin\inquiries.blade.php","23","            text-transform: uppercase !important;"
"C:\xampp\htdocs\aruvi-plus\resources\views\admin\inquiries.blade.php","24","            letter-spacing: 0.5px !important;"
"C:\xampp\htdocs\aruvi-plus\resources\views\admin\inquiries.blade.php","25","            cursor: pointer !important;"
"C:\xampp\htdocs\aruvi-plus\resources\views\admin\inquiries.blade.php","26","            text-decoration: none !important;"
"C:\xampp\htdocs\aruvi-plus\resources\views\admin\inquiries.blade.php","30","            background: var(--primary) !important;"
"C:\xampp\htdocs\aruvi-plus\resources\views\admin\inquiries.blade.php","31","            color: #fff !important;"
"C:\xampp\htdocs\aruvi-plus\resources\views\admin\inquiries.blade.php","32","            transform: translateY(-1px) !important;"
"C:\xampp\htdocs\aruvi-plus\resources\views\admin\inquiries.blade.php","33","            box-shadow: 0 4px 12px rgba(255, 109, 0, 0.2) !important;"
"C:\xampp\htdocs\aruvi-plus\resources\views\admin\inquiries.blade.php","37","            display: flex !important;"
"C:\xampp\htdocs\aruvi-plus\resources\views\admin\inquiries.blade.php","38","            align-items: center !important;"
"C:\xampp\htdocs\aruvi-plus\resources\views\admin\inquiries.blade.php","39","            gap: 12px !important;"
"C:\xampp\htdocs\aruvi-plus\resources\views\admin\inquiries.blade.php","43","            width: 220px !important;"
"C:\xampp\htdocs\aruvi-plus\resources\views\admin\login.blade.php","34","            background: linear-gradient(135deg, var(--primary) 0%, var(--accent) 100%) !important;"
"C:\xampp\htdocs\aruvi-plus\resources\views\admin\login.blade.php","35","            opacity: 1 !important;"
"C:\xampp\htdocs\aruvi-plus\resources\views\admin\login.blade.php","36","            box-shadow: 0 10px 30px rgba(0, 66, 0, 0.3) !important;"
"C:\xampp\htdocs\aruvi-plus\resources\views\admin\login.blade.php","37","            border-radius: 16px !important;"
"C:\xampp\htdocs\aruvi-plus\resources\views\admin\login.blade.php","38","            border: 1px solid rgba(212, 175, 55, 0.1) !important;"
"C:\xampp\htdocs\aruvi-plus\resources\views\admin\login.blade.php","39","            padding: 15px 15px 15px 42px !important;"
"C:\xampp\htdocs\aruvi-plus\resources\views\admin\order-detail.blade.php","143","                display: none !important;"
"C:\xampp\htdocs\aruvi-plus\resources\views\admin\order-detail.blade.php","147","                background: white !important;"
"C:\xampp\htdocs\aruvi-plus\resources\views\admin\order-detail.blade.php","148","                margin: 0 !important;"
"C:\xampp\htdocs\aruvi-plus\resources\views\admin\order-detail.blade.php","149","                padding: 0 !important;"
"C:\xampp\htdocs\aruvi-plus\resources\views\admin\order-detail.blade.php","153","                margin-left: 0 !important;"
"C:\xampp\htdocs\aruvi-plus\resources\views\admin\order-detail.blade.php","154","                padding: 0 !important;"
"C:\xampp\htdocs\aruvi-plus\resources\views\admin\order-detail.blade.php","158","                box-shadow: none !important;"
"C:\xampp\htdocs\aruvi-plus\resources\views\admin\order-detail.blade.php","159","                border: none !important;"
"C:\xampp\htdocs\aruvi-plus\resources\views\admin\order-detail.blade.php","160","                padding: 0 !important;"
"C:\xampp\htdocs\aruvi-plus\resources\views\admin\orders.blade.php","10","            height: 42px !important;"
"C:\xampp\htdocs\aruvi-plus\resources\views\admin\orders.blade.php","11","            border-radius: 50px !important;"
"C:\xampp\htdocs\aruvi-plus\resources\views\admin\orders.blade.php","12","            padding: 0 25px !important;"
"C:\xampp\htdocs\aruvi-plus\resources\views\admin\orders.blade.php","13","            font-size: 11px !important;"
"C:\xampp\htdocs\aruvi-plus\resources\views\admin\orders.blade.php","14","            font-weight: 800 !important;"
"C:\xampp\htdocs\aruvi-plus\resources\views\admin\orders.blade.php","15","            background: #fff !important;"
"C:\xampp\htdocs\aruvi-plus\resources\views\admin\orders.blade.php","16","            color: var(--primary) !important;"
"C:\xampp\htdocs\aruvi-plus\resources\views\admin\orders.blade.php","17","            border: 1px solid var(--primary) !important;"
"C:\xampp\htdocs\aruvi-plus\resources\views\admin\orders.blade.php","18","            display: inline-flex !important;"
"C:\xampp\htdocs\aruvi-plus\resources\views\admin\orders.blade.php","19","            align-items: center !important;"
"C:\xampp\htdocs\aruvi-plus\resources\views\admin\orders.blade.php","20","            justify-content: center !important;"
"C:\xampp\htdocs\aruvi-plus\resources\views\admin\orders.blade.php","21","            box-shadow: 0 2px 8px rgba(255, 109, 0, 0.12) !important;"
"C:\xampp\htdocs\aruvi-plus\resources\views\admin\orders.blade.php","22","            transition: all 0.3s ease !important;"
"C:\xampp\htdocs\aruvi-plus\resources\views\admin\orders.blade.php","23","            text-transform: uppercase !important;"
"C:\xampp\htdocs\aruvi-plus\resources\views\admin\orders.blade.php","24","            letter-spacing: 0.5px !important;"
"C:\xampp\htdocs\aruvi-plus\resources\views\admin\orders.blade.php","25","            cursor: pointer !important;"
"C:\xampp\htdocs\aruvi-plus\resources\views\admin\orders.blade.php","26","            text-decoration: none !important;"
"C:\xampp\htdocs\aruvi-plus\resources\views\admin\orders.blade.php","30","            background: var(--primary) !important;"
"C:\xampp\htdocs\aruvi-plus\resources\views\admin\orders.blade.php","31","            color: #fff !important;"
"C:\xampp\htdocs\aruvi-plus\resources\views\admin\orders.blade.php","32","            transform: translateY(-1px) !important;"
"C:\xampp\htdocs\aruvi-plus\resources\views\admin\orders.blade.php","33","            box-shadow: 0 4px 12px rgba(255, 109, 0, 0.2) !important;"
"C:\xampp\htdocs\aruvi-plus\resources\views\admin\orders.blade.php","37","            display: flex !important;"
"C:\xampp\htdocs\aruvi-plus\resources\views\admin\orders.blade.php","38","            align-items: center !important;"
"C:\xampp\htdocs\aruvi-plus\resources\views\admin\orders.blade.php","39","            gap: 12px !important;"
"C:\xampp\htdocs\aruvi-plus\resources\views\admin\orders.blade.php","68","                    <input type=""date"" name=""date"" value=""{{ request('date') }}"" onchange=""this.form.submit()"" class=""datepicker"" style=""width: 100% !important;"">"
"C:\xampp\htdocs\aruvi-plus\resources\views\admin\product-create.blade.php","253","        color: #fff !important;"
"C:\xampp\htdocs\aruvi-plus\resources\views\admin\reviews.blade.php","9","            height: 42px !important;"
"C:\xampp\htdocs\aruvi-plus\resources\views\admin\reviews.blade.php","10","            border-radius: 50px !important;"
"C:\xampp\htdocs\aruvi-plus\resources\views\admin\reviews.blade.php","11","            padding: 0 25px !important;"
"C:\xampp\htdocs\aruvi-plus\resources\views\admin\reviews.blade.php","12","            font-size: 11px !important;"
"C:\xampp\htdocs\aruvi-plus\resources\views\admin\reviews.blade.php","13","            font-weight: 800 !important;"
"C:\xampp\htdocs\aruvi-plus\resources\views\admin\reviews.blade.php","14","            background: #fff !important;"
"C:\xampp\htdocs\aruvi-plus\resources\views\admin\reviews.blade.php","15","            color: var(--primary) !important;"
"C:\xampp\htdocs\aruvi-plus\resources\views\admin\reviews.blade.php","16","            border: 1px solid var(--primary) !important;"
"C:\xampp\htdocs\aruvi-plus\resources\views\admin\reviews.blade.php","17","            display: inline-flex !important;"
"C:\xampp\htdocs\aruvi-plus\resources\views\admin\reviews.blade.php","18","            align-items: center !important;"
"C:\xampp\htdocs\aruvi-plus\resources\views\admin\reviews.blade.php","19","            justify-content: center !important;"
"C:\xampp\htdocs\aruvi-plus\resources\views\admin\reviews.blade.php","20","            box-shadow: 0 2px 8px rgba(0, 66, 0, 0.08) !important;"
"C:\xampp\htdocs\aruvi-plus\resources\views\admin\reviews.blade.php","21","            transition: all 0.3s ease !important;"
"C:\xampp\htdocs\aruvi-plus\resources\views\admin\reviews.blade.php","22","            text-transform: uppercase !important;"
"C:\xampp\htdocs\aruvi-plus\resources\views\admin\reviews.blade.php","23","            letter-spacing: 0.5px !important;"
"C:\xampp\htdocs\aruvi-plus\resources\views\admin\reviews.blade.php","24","            cursor: pointer !important;"
"C:\xampp\htdocs\aruvi-plus\resources\views\admin\reviews.blade.php","25","            text-decoration: none !important;"
"C:\xampp\htdocs\aruvi-plus\resources\views\admin\reviews.blade.php","29","            background: var(--primary) !important;"
"C:\xampp\htdocs\aruvi-plus\resources\views\admin\reviews.blade.php","30","            color: #fff !important;"
"C:\xampp\htdocs\aruvi-plus\resources\views\admin\reviews.blade.php","31","            transform: translateY(-1px) !important;"
"C:\xampp\htdocs\aruvi-plus\resources\views\admin\reviews.blade.php","32","            box-shadow: 0 4px 12px rgba(0, 66, 0, 0.15) !important;"
"C:\xampp\htdocs\aruvi-plus\resources\views\admin\reviews.blade.php","36","            background: linear-gradient(135deg, var(--primary) 0%, var(--primary) 100%) !important;"
"C:\xampp\htdocs\aruvi-plus\resources\views\admin\reviews.blade.php","37","            border: none !important;"
"C:\xampp\htdocs\aruvi-plus\resources\views\admin\reviews.blade.php","38","            color: #fff !important;"
"C:\xampp\htdocs\aruvi-plus\resources\views\admin\reviews.blade.php","42","            background: #28a745 !important;"
"C:\xampp\htdocs\aruvi-plus\resources\views\admin\reviews.blade.php","43","            border-color: #28a745 !important;"
"C:\xampp\htdocs\aruvi-plus\resources\views\admin\reviews.blade.php","44","            color: #fff !important;"
"C:\xampp\htdocs\aruvi-plus\resources\views\admin\reviews.blade.php","48","            display: flex !important;"
"C:\xampp\htdocs\aruvi-plus\resources\views\admin\reviews.blade.php","49","            align-items: center !important;"
"C:\xampp\htdocs\aruvi-plus\resources\views\admin\reviews.blade.php","50","            gap: 12px !important;"
"C:\xampp\htdocs\aruvi-plus\resources\views\admin\reviews.blade.php","54","            width: 250px !important;"
"C:\xampp\htdocs\aruvi-plus\resources\views\admin\shipping-info.blade.php","10","            border-collapse: separate !important;"
"C:\xampp\htdocs\aruvi-plus\resources\views\admin\shipping-info.blade.php","11","            border-spacing: 0 !important;"
"C:\xampp\htdocs\aruvi-plus\resources\views\admin\shipping-info.blade.php","12","            border: 1px solid #e0e0e0 !important;"
"C:\xampp\htdocs\aruvi-plus\resources\views\admin\shipping-info.blade.php","13","            border-radius: 12px !important;"
"C:\xampp\htdocs\aruvi-plus\resources\views\admin\shipping-info.blade.php","14","            overflow: hidden !important;"
"C:\xampp\htdocs\aruvi-plus\resources\views\admin\shipping-info.blade.php","18","            background: linear-gradient(135deg, var(--primary) 0%, #ffb200 100%) !important;"
"C:\xampp\htdocs\aruvi-plus\resources\views\admin\shipping-info.blade.php","22","            color: #fff !important;"
"C:\xampp\htdocs\aruvi-plus\resources\views\admin\shipping-info.blade.php","23","            font-weight: 700 !important;"
"C:\xampp\htdocs\aruvi-plus\resources\views\admin\shipping-info.blade.php","24","            text-transform: uppercase !important;"
"C:\xampp\htdocs\aruvi-plus\resources\views\admin\shipping-info.blade.php","25","            font-size: 11px !important;"
"C:\xampp\htdocs\aruvi-plus\resources\views\admin\shipping-info.blade.php","26","            letter-spacing: 0.5px !important;"
"C:\xampp\htdocs\aruvi-plus\resources\views\admin\shipping-info.blade.php","27","            padding: 15px 10px !important;"
"C:\xampp\htdocs\aruvi-plus\resources\views\admin\shipping-info.blade.php","28","            border: 1.5px solid #fff !important;"
"C:\xampp\htdocs\aruvi-plus\resources\views\admin\shipping-info.blade.php","32","            transition: all 0.2s ease !important;"
"C:\xampp\htdocs\aruvi-plus\resources\views\admin\shipping-info.blade.php","37","            background-color: #fafafa !important;"
"C:\xampp\htdocs\aruvi-plus\resources\views\admin\shipping-info.blade.php","41","            background-color: #fff8f0 !important;"
"C:\xampp\htdocs\aruvi-plus\resources\views\admin\shipping-info.blade.php","47","            padding: 12px 10px !important;"
"C:\xampp\htdocs\aruvi-plus\resources\views\admin\shipping-info.blade.php","48","            border-bottom: 1px solid #f0f0f0 !important;"
"C:\xampp\htdocs\aruvi-plus\resources\views\admin\shipping-info.blade.php","49","            vertical-align: middle !important;"
"C:\xampp\htdocs\aruvi-plus\resources\views\admin\shipping-info.blade.php","53","            width: 110px !important;"
"C:\xampp\htdocs\aruvi-plus\resources\views\admin\shipping-info.blade.php","54","            height: 38px !important;"
"C:\xampp\htdocs\aruvi-plus\resources\views\admin\shipping-info.blade.php","55","            border: 1.5px solid #e0e0e0 !important;"
"C:\xampp\htdocs\aruvi-plus\resources\views\admin\shipping-info.blade.php","56","            border-radius: 8px !important;"
"C:\xampp\htdocs\aruvi-plus\resources\views\admin\shipping-info.blade.php","57","            text-align: center !important;"
"C:\xampp\htdocs\aruvi-plus\resources\views\admin\shipping-info.blade.php","58","            font-size: 14px !important;"
"C:\xampp\htdocs\aruvi-plus\resources\views\admin\shipping-info.blade.php","59","            font-weight: 600 !important;"
"C:\xampp\htdocs\aruvi-plus\resources\views\admin\shipping-info.blade.php","60","            color: #444 !important;"
"C:\xampp\htdocs\aruvi-plus\resources\views\admin\shipping-info.blade.php","61","            background: #fff !important;"
"C:\xampp\htdocs\aruvi-plus\resources\views\admin\shipping-info.blade.php","62","            transition: all 0.3s ease !important;"
"C:\xampp\htdocs\aruvi-plus\resources\views\admin\shipping-info.blade.php","63","            margin: 0 auto !important;"
"C:\xampp\htdocs\aruvi-plus\resources\views\admin\shipping-info.blade.php","64","            display: block !important;"
"C:\xampp\htdocs\aruvi-plus\resources\views\admin\shipping-info.blade.php","68","            border-color: #ffb200 !important;"
"C:\xampp\htdocs\aruvi-plus\resources\views\admin\shipping-info.blade.php","72","            border-color: var(--primary) !important;"
"C:\xampp\htdocs\aruvi-plus\resources\views\admin\shipping-info.blade.php","73","            box-shadow: 0 0 0 4px rgba(255, 109, 0, 0.15) !important;"
"C:\xampp\htdocs\aruvi-plus\resources\views\admin\shipping-info.blade.php","74","            outline: none !important;"
"C:\xampp\htdocs\aruvi-plus\resources\views\admin\shipping-info.blade.php","89","            height: 42px !important;"
"C:\xampp\htdocs\aruvi-plus\resources\views\admin\shipping-info.blade.php","90","            border-radius: 50px !important;"
"C:\xampp\htdocs\aruvi-plus\resources\views\admin\shipping-info.blade.php","91","            padding: 0 25px !important;"
"C:\xampp\htdocs\aruvi-plus\resources\views\admin\shipping-info.blade.php","92","            font-size: 11px !important;"
"C:\xampp\htdocs\aruvi-plus\resources\views\admin\shipping-info.blade.php","93","            font-weight: 800 !important;"
"C:\xampp\htdocs\aruvi-plus\resources\views\admin\shipping-info.blade.php","94","            background: #fff !important;"
"C:\xampp\htdocs\aruvi-plus\resources\views\admin\shipping-info.blade.php","95","            color: var(--primary) !important;"
"C:\xampp\htdocs\aruvi-plus\resources\views\admin\shipping-info.blade.php","96","            border: 1.5px solid var(--primary) !important;"
"C:\xampp\htdocs\aruvi-plus\resources\views\admin\shipping-info.blade.php","97","            display: inline-flex !important;"
"C:\xampp\htdocs\aruvi-plus\resources\views\admin\shipping-info.blade.php","98","            align-items: center !important;"
"C:\xampp\htdocs\aruvi-plus\resources\views\admin\shipping-info.blade.php","99","            justify-content: center !important;"
"C:\xampp\htdocs\aruvi-plus\resources\views\admin\shipping-info.blade.php","100","            box-shadow: 0 4px 12px rgba(255, 109, 0, 0.1) !important;"
"C:\xampp\htdocs\aruvi-plus\resources\views\admin\shipping-info.blade.php","101","            transition: all 0.3s ease !important;"
"C:\xampp\htdocs\aruvi-plus\resources\views\admin\shipping-info.blade.php","102","            text-transform: uppercase !important;"
"C:\xampp\htdocs\aruvi-plus\resources\views\admin\shipping-info.blade.php","103","            letter-spacing: 0.5px !important;"
"C:\xampp\htdocs\aruvi-plus\resources\views\admin\shipping-info.blade.php","104","            cursor: pointer !important;"
"C:\xampp\htdocs\aruvi-plus\resources\views\admin\shipping-info.blade.php","108","            background: var(--primary) !important;"
"C:\xampp\htdocs\aruvi-plus\resources\views\admin\shipping-info.blade.php","109","            color: #fff !important;"
"C:\xampp\htdocs\aruvi-plus\resources\views\admin\shipping-info.blade.php","110","            transform: translateY(-2px) !important;"
"C:\xampp\htdocs\aruvi-plus\resources\views\admin\shipping-info.blade.php","111","            box-shadow: 0 6px 15px rgba(255, 109, 0, 0.2) !important;"
"C:\xampp\htdocs\aruvi-plus\resources\views\admin\shipping-info.blade.php","115","            background: linear-gradient(135deg, var(--primary) 0%, var(--primary) 100%) !important;"
"C:\xampp\htdocs\aruvi-plus\resources\views\admin\shipping-info.blade.php","116","            border: none !important;"
"C:\xampp\htdocs\aruvi-plus\resources\views\admin\shipping-info.blade.php","117","            color: #fff !important;"
"C:\xampp\htdocs\aruvi-plus\resources\views\admin\testimonials-create.blade.php","38","        color: #fff !important;"
"C:\xampp\htdocs\aruvi-plus\resources\views\admin\testimonials-edit.blade.php","38","        color: #fff !important;"
"C:\xampp\htdocs\aruvi-plus\resources\views\admin\testimonials.blade.php","10","            height: 42px !important;"
"C:\xampp\htdocs\aruvi-plus\resources\views\admin\testimonials.blade.php","11","            border-radius: 50px !important;"
"C:\xampp\htdocs\aruvi-plus\resources\views\admin\testimonials.blade.php","12","            padding: 0 25px !important;"
"C:\xampp\htdocs\aruvi-plus\resources\views\admin\testimonials.blade.php","13","            font-size: 11px !important;"
"C:\xampp\htdocs\aruvi-plus\resources\views\admin\testimonials.blade.php","14","            font-weight: 800 !important;"
"C:\xampp\htdocs\aruvi-plus\resources\views\admin\testimonials.blade.php","15","            background: #fff !important;"
"C:\xampp\htdocs\aruvi-plus\resources\views\admin\testimonials.blade.php","16","            color: var(--primary) !important;"
"C:\xampp\htdocs\aruvi-plus\resources\views\admin\testimonials.blade.php","17","            border: 1px solid var(--primary) !important;"
"C:\xampp\htdocs\aruvi-plus\resources\views\admin\testimonials.blade.php","18","            display: inline-flex !important;"
"C:\xampp\htdocs\aruvi-plus\resources\views\admin\testimonials.blade.php","19","            align-items: center !important;"
"C:\xampp\htdocs\aruvi-plus\resources\views\admin\testimonials.blade.php","20","            justify-content: center !important;"
"C:\xampp\htdocs\aruvi-plus\resources\views\admin\testimonials.blade.php","21","            box-shadow: 0 2px 8px rgba(255, 109, 0, 0.12) !important;"
"C:\xampp\htdocs\aruvi-plus\resources\views\admin\testimonials.blade.php","22","            transition: all 0.3s ease !important;"
"C:\xampp\htdocs\aruvi-plus\resources\views\admin\testimonials.blade.php","23","            text-transform: uppercase !important;"
"C:\xampp\htdocs\aruvi-plus\resources\views\admin\testimonials.blade.php","24","            letter-spacing: 0.5px !important;"
"C:\xampp\htdocs\aruvi-plus\resources\views\admin\testimonials.blade.php","25","            cursor: pointer !important;"
"C:\xampp\htdocs\aruvi-plus\resources\views\admin\testimonials.blade.php","26","            text-decoration: none !important;"
"C:\xampp\htdocs\aruvi-plus\resources\views\admin\testimonials.blade.php","30","            background: var(--primary) !important;"
"C:\xampp\htdocs\aruvi-plus\resources\views\admin\testimonials.blade.php","31","            color: #fff !important;"
"C:\xampp\htdocs\aruvi-plus\resources\views\admin\testimonials.blade.php","32","            transform: translateY(-1px) !important;"
"C:\xampp\htdocs\aruvi-plus\resources\views\admin\testimonials.blade.php","33","            box-shadow: 0 4px 12px rgba(255, 109, 0, 0.2) !important;"
"C:\xampp\htdocs\aruvi-plus\resources\views\admin\testimonials.blade.php","37","            background: linear-gradient(135deg, var(--primary) 0%, var(--primary) 100%) !important;"
"C:\xampp\htdocs\aruvi-plus\resources\views\admin\testimonials.blade.php","38","            border: none !important;"
"C:\xampp\htdocs\aruvi-plus\resources\views\admin\testimonials.blade.php","39","            color: #fff !important;"
"C:\xampp\htdocs\aruvi-plus\resources\views\admin\testimonials.blade.php","43","            display: flex !important;"
"C:\xampp\htdocs\aruvi-plus\resources\views\admin\testimonials.blade.php","44","            align-items: center !important;"
"C:\xampp\htdocs\aruvi-plus\resources\views\admin\testimonials.blade.php","45","            gap: 12px !important;"
"C:\xampp\htdocs\aruvi-plus\resources\views\admin\testimonials.blade.php","49","            width: 220px !important;"
"C:\xampp\htdocs\aruvi-plus\resources\views\auth\forgot-password.blade.php","36","            color: var(--primary) !important;"
"C:\xampp\htdocs\aruvi-plus\resources\views\auth\login.blade.php","37","            color: var(--primary) !important;"
"C:\xampp\htdocs\aruvi-plus\resources\views\auth\login.blade.php","153","                padding: 30px 20px !important;"
"C:\xampp\htdocs\aruvi-plus\resources\views\auth\login.blade.php","157","                font-size: 1.65rem !important;"
"C:\xampp\htdocs\aruvi-plus\resources\views\auth\login.blade.php","161","                font-size: 0.8rem !important;"
"C:\xampp\htdocs\aruvi-plus\resources\views\auth\login.blade.php","162","                margin-bottom: 25px !important;"
"C:\xampp\htdocs\aruvi-plus\resources\views\auth\login.blade.php","166","                font-size: 0.78rem !important;"
"C:\xampp\htdocs\aruvi-plus\resources\views\auth\login.blade.php","170","                font-size: 0.9rem !important;"
"C:\xampp\htdocs\aruvi-plus\resources\views\auth\login.blade.php","171","                padding: 12px 15px 12px 40px !important;"
"C:\xampp\htdocs\aruvi-plus\resources\views\auth\login.blade.php","175","                font-size: 0.78rem !important;"
"C:\xampp\htdocs\aruvi-plus\resources\views\auth\login.blade.php","179","                padding: 12px !important;"
"C:\xampp\htdocs\aruvi-plus\resources\views\auth\login.blade.php","180","                font-size: 0.9rem !important;"
"C:\xampp\htdocs\aruvi-plus\resources\views\auth\login.blade.php","184","                font-size: 0.8rem !important;"
"C:\xampp\htdocs\aruvi-plus\resources\views\auth\register.blade.php","36","            color: var(--primary) !important;"
"C:\xampp\htdocs\aruvi-plus\resources\views\auth\reset-password.blade.php","33","            color: var(--primary) !important;"
"C:\xampp\htdocs\aruvi-plus\resources\views\customer\account-details.blade.php","592","                width: 100% !important;"
"C:\xampp\htdocs\aruvi-plus\resources\views\customer\account-details.blade.php","593","                max-width: 100% !important;"
"C:\xampp\htdocs\aruvi-plus\resources\views\customer\account-details.blade.php","599","                padding-left: 12px !important;"
"C:\xampp\htdocs\aruvi-plus\resources\views\customer\account-details.blade.php","600","                padding-right: 12px !important;"
"C:\xampp\htdocs\aruvi-plus\resources\views\customer\account-details.blade.php","601","                width: 100% !important;"
"C:\xampp\htdocs\aruvi-plus\resources\views\customer\account-details.blade.php","602","                max-width: 100% !important;"
"C:\xampp\htdocs\aruvi-plus\resources\views\customer\account-details.blade.php","607","                width: 100% !important;"
"C:\xampp\htdocs\aruvi-plus\resources\views\customer\account-details.blade.php","608","                display: flex !important;"
"C:\xampp\htdocs\aruvi-plus\resources\views\customer\account-details.blade.php","609","                flex-direction: column !important;"
"C:\xampp\htdocs\aruvi-plus\resources\views\customer\account-details.blade.php","613","                padding: 20px 12px !important;"
"C:\xampp\htdocs\aruvi-plus\resources\views\customer\account-details.blade.php","656","                padding: 15px 10px !important;"
"C:\xampp\htdocs\aruvi-plus\resources\views\customer\account-details.blade.php","660","                font-size: 22px !important;"
"C:\xampp\htdocs\aruvi-plus\resources\views\customer\address.blade.php","210","                padding-left: 8px !important;"
"C:\xampp\htdocs\aruvi-plus\resources\views\customer\address.blade.php","211","                padding-right: 8px !important;"
"C:\xampp\htdocs\aruvi-plus\resources\views\customer\address.blade.php","231","                width: 100% !important;"
"C:\xampp\htdocs\aruvi-plus\resources\views\customer\address.blade.php","232","                display: flex !important;"
"C:\xampp\htdocs\aruvi-plus\resources\views\customer\address.blade.php","233","                flex-direction: column !important;"
"C:\xampp\htdocs\aruvi-plus\resources\views\customer\address.blade.php","234","                gap: 15px !important;"
"C:\xampp\htdocs\aruvi-plus\resources\views\customer\address.blade.php","239","                width: 100% !important;"
"C:\xampp\htdocs\aruvi-plus\resources\views\customer\address.blade.php","240","                max-width: 100% !important;"
"C:\xampp\htdocs\aruvi-plus\resources\views\customer\address.blade.php","244","                padding: 20px 10px !important;"
"C:\xampp\htdocs\aruvi-plus\resources\views\customer\address.blade.php","294","                padding: 15px 12px !important;"
"C:\xampp\htdocs\aruvi-plus\resources\views\customer\address.blade.php","304","                font-size: 16px !important;"
"C:\xampp\htdocs\aruvi-plus\resources\views\customer\address.blade.php","314","                gap: 10px !important;"
"C:\xampp\htdocs\aruvi-plus\resources\views\customer\address.blade.php","315","                margin-bottom: 10px !important;"
"C:\xampp\htdocs\aruvi-plus\resources\views\customer\address.blade.php","316","                display: flex !important;"
"C:\xampp\htdocs\aruvi-plus\resources\views\customer\address.blade.php","317","                flex-direction: column !important;"
"C:\xampp\htdocs\aruvi-plus\resources\views\customer\address.blade.php","321","                margin-bottom: 12px !important;"
"C:\xampp\htdocs\aruvi-plus\resources\views\customer\address.blade.php","325","                font-size: 11px !important;"
"C:\xampp\htdocs\aruvi-plus\resources\views\customer\address.blade.php","326","                margin-bottom: 5px !important;"
"C:\xampp\htdocs\aruvi-plus\resources\views\customer\address.blade.php","330","                padding: 10px 15px 10px 40px !important;"
"C:\xampp\htdocs\aruvi-plus\resources\views\customer\address.blade.php","331","                font-size: 13px !important;"
"C:\xampp\htdocs\aruvi-plus\resources\views\customer\address.blade.php","332","                border-radius: 10px !important;"
"C:\xampp\htdocs\aruvi-plus\resources\views\customer\address.blade.php","336","                left: 15px !important;"
"C:\xampp\htdocs\aruvi-plus\resources\views\customer\address.blade.php","337","                font-size: 14px !important;"
"C:\xampp\htdocs\aruvi-plus\resources\views\customer\address.blade.php","365","                padding: 12px 8px !important;"
"C:\xampp\htdocs\aruvi-plus\resources\views\customer\address.blade.php","373","                font-size: 15px !important;"
"C:\xampp\htdocs\aruvi-plus\resources\views\customer\address.blade.php","616","            padding: 15px 20px 15px 55px !important;"
"C:\xampp\htdocs\aruvi-plus\resources\views\customer\address.blade.php","640","            color: var(--accent) !important;"
"C:\xampp\htdocs\aruvi-plus\resources\views\customer\address.blade.php","668","            border-color: #d32f2f !important;"
"C:\xampp\htdocs\aruvi-plus\resources\views\customer\address.blade.php","669","            background-color: rgba(211, 47, 47, 0.02) !important;"
"C:\xampp\htdocs\aruvi-plus\resources\views\customer\address.blade.php","692","                width: 100% !important;"
"C:\xampp\htdocs\aruvi-plus\resources\views\customer\address.blade.php","693","                max-width: 100% !important;"
"C:\xampp\htdocs\aruvi-plus\resources\views\customer\dashboard.blade.php","469","                background: #fdfdfd !important;"
"C:\xampp\htdocs\aruvi-plus\resources\views\customer\dashboard.blade.php","477","                padding: 12px 5px !important;"
"C:\xampp\htdocs\aruvi-plus\resources\views\customer\dashboard.blade.php","481","                background: transparent !important;"
"C:\xampp\htdocs\aruvi-plus\resources\views\customer\dashboard.blade.php","482","                border-radius: 0 !important;"
"C:\xampp\htdocs\aruvi-plus\resources\views\customer\dashboard.blade.php","543","                padding-left: 15px !important;"
"C:\xampp\htdocs\aruvi-plus\resources\views\customer\dashboard.blade.php","544","                padding-right: 15px !important;"
"C:\xampp\htdocs\aruvi-plus\resources\views\customer\dashboard.blade.php","545","                width: 100% !important;"
"C:\xampp\htdocs\aruvi-plus\resources\views\customer\dashboard.blade.php","546","                max-width: 100% !important;"
"C:\xampp\htdocs\aruvi-plus\resources\views\customer\dashboard.blade.php","564","                padding: 15px 10px !important;"
"C:\xampp\htdocs\aruvi-plus\resources\views\customer\order-detail.blade.php","548","                    margin-top: 10px !important;"
"C:\xampp\htdocs\aruvi-plus\resources\views\customer\order-detail.blade.php","549","                    color: var(--primary) !important;"
"C:\xampp\htdocs\aruvi-plus\resources\views\customer\order-detail.blade.php","742","                        width: 100% !important;"
"C:\xampp\htdocs\aruvi-plus\resources\views\customer\order-detail.blade.php","743","                        max-width: 100% !important;"
"C:\xampp\htdocs\aruvi-plus\resources\views\customer\order-detail.blade.php","744","                        padding: 0 !important;"
"C:\xampp\htdocs\aruvi-plus\resources\views\customer\order-detail.blade.php","745","                        margin: 0 !important;"
"C:\xampp\htdocs\aruvi-plus\resources\views\customer\order-detail.blade.php","749","                        display: block !important;"
"C:\xampp\htdocs\aruvi-plus\resources\views\customer\order-detail.blade.php","753","                        width: 100% !important;"
"C:\xampp\htdocs\aruvi-plus\resources\views\customer\order-detail.blade.php","754","                        margin: 0 !important;"
"C:\xampp\htdocs\aruvi-plus\resources\views\customer\order-detail.blade.php","755","                        padding: 0 !important;"
"C:\xampp\htdocs\aruvi-plus\resources\views\customer\order-detail.blade.php","769","                        width: 100% !important;"
"C:\xampp\htdocs\aruvi-plus\resources\views\customer\order-detail.blade.php","773","                        display: none !important;"
"C:\xampp\htdocs\aruvi-plus\resources\views\customer\order-detail.blade.php","777","                        display: flex !important;"
"C:\xampp\htdocs\aruvi-plus\resources\views\customer\order-detail.blade.php","810","                        padding: 30px 0 80px !important;"
"C:\xampp\htdocs\aruvi-plus\resources\views\customer\order-detail.blade.php","814","                        padding-left: 15px !important;"
"C:\xampp\htdocs\aruvi-plus\resources\views\customer\order-detail.blade.php","815","                        padding-right: 15px !important;"
"C:\xampp\htdocs\aruvi-plus\resources\views\customer\order-detail.blade.php","816","                        width: 100% !important;"
"C:\xampp\htdocs\aruvi-plus\resources\views\customer\order-detail.blade.php","817","                        max-width: 100% !important;"
"C:\xampp\htdocs\aruvi-plus\resources\views\customer\order-detail.blade.php","827","                        font-size: 28px !important;"
"C:\xampp\htdocs\aruvi-plus\resources\views\customer\order-detail.blade.php","835","                        grid-template-columns: 1fr !important;"
"C:\xampp\htdocs\aruvi-plus\resources\views\customer\order-detail.blade.php","836","                        gap: 30px !important;"
"C:\xampp\htdocs\aruvi-plus\resources\views\customer\order-detail.blade.php","840","                        padding: 25px 20px !important;"
"C:\xampp\htdocs\aruvi-plus\resources\views\customer\order-detail.blade.php","886","                        padding: 30px 20px !important;"
"C:\xampp\htdocs\aruvi-plus\resources\views\customer\order-detail.blade.php","923","                        width: 100% !important;"
"C:\xampp\htdocs\aruvi-plus\resources\views\customer\order-detail.blade.php","925","                        margin-left: auto !important;"
"C:\xampp\htdocs\aruvi-plus\resources\views\customer\order-detail.blade.php","931","                        padding: 20px 15px !important;"
"C:\xampp\htdocs\aruvi-plus\resources\views\customer\order-detail.blade.php","935","                        padding: 20px 15px !important;"
"C:\xampp\htdocs\aruvi-plus\resources\views\customer\order-detail.blade.php","975","                        padding: 30px 0 60px !important;"
"C:\xampp\htdocs\aruvi-plus\resources\views\customer\order-detail.blade.php","979","                        padding-left: 8px !important;"
"C:\xampp\htdocs\aruvi-plus\resources\views\customer\order-detail.blade.php","980","                        padding-right: 8px !important;"
"C:\xampp\htdocs\aruvi-plus\resources\views\customer\order-detail.blade.php","981","                        width: 100% !important;"
"C:\xampp\htdocs\aruvi-plus\resources\views\customer\order-detail.blade.php","982","                        max-width: 100% !important;"
"C:\xampp\htdocs\aruvi-plus\resources\views\customer\order-detail.blade.php","992","                        font-size: 24px !important;"
"C:\xampp\htdocs\aruvi-plus\resources\views\customer\order-detail.blade.php","1004","                        width: 100% !important;"
"C:\xampp\htdocs\aruvi-plus\resources\views\customer\order-detail.blade.php","1005","                        display: flex !important;"
"C:\xampp\htdocs\aruvi-plus\resources\views\customer\order-detail.blade.php","1006","                        flex-direction: column !important;"
"C:\xampp\htdocs\aruvi-plus\resources\views\customer\order-detail.blade.php","1007","                        gap: 15px !important;"
"C:\xampp\htdocs\aruvi-plus\resources\views\customer\order-detail.blade.php","1012","                        width: 100% !important;"
"C:\xampp\htdocs\aruvi-plus\resources\views\customer\order-detail.blade.php","1013","                        max-width: 100% !important;"
"C:\xampp\htdocs\aruvi-plus\resources\views\customer\order-detail.blade.php","1017","                        padding: 15px 10px !important;"
"C:\xampp\htdocs\aruvi-plus\resources\views\customer\order-detail.blade.php","1081","                        padding: 15px 10px !important;"
"C:\xampp\htdocs\aruvi-plus\resources\views\customer\order-detail.blade.php","1170","                        padding: 5px 0 !important;"
"C:\xampp\htdocs\aruvi-plus\resources\views\customer\order-detail.blade.php","1171","                        text-align: left !important;"
"C:\xampp\htdocs\aruvi-plus\resources\views\customer\order-detail.blade.php","1187","                        text-align: left !important;"
"C:\xampp\htdocs\aruvi-plus\resources\views\customer\order-detail.blade.php","1203","                        width: 100% !important;"
"C:\xampp\htdocs\aruvi-plus\resources\views\customer\order-detail.blade.php","1204","                        margin-left: 0 !important;"
"C:\xampp\htdocs\aruvi-plus\resources\views\customer\order-detail.blade.php","1216","                        flex-direction: column !important;"
"C:\xampp\htdocs\aruvi-plus\resources\views\customer\order-detail.blade.php","1218","                        margin-top: 40px !important;"
"C:\xampp\htdocs\aruvi-plus\resources\views\customer\order-detail.blade.php","1222","                        width: 100% !important;"
"C:\xampp\htdocs\aruvi-plus\resources\views\customer\order-detail.blade.php","1223","                        text-align: center !important;"
"C:\xampp\htdocs\aruvi-plus\resources\views\customer\order-detail.blade.php","1231","                        margin-top: 40px !important;"
"C:\xampp\htdocs\aruvi-plus\resources\views\customer\order-detail.blade.php","1241","                        font-size: 20px !important;"
"C:\xampp\htdocs\aruvi-plus\resources\views\customer\orders.blade.php","259","            color: #fff !important;"
"C:\xampp\htdocs\aruvi-plus\resources\views\customer\orders.blade.php","270","            color: var(--primary) !important;"
"C:\xampp\htdocs\aruvi-plus\resources\views\customer\orders.blade.php","325","            display: flex !important;"
"C:\xampp\htdocs\aruvi-plus\resources\views\customer\orders.blade.php","326","            flex-direction: row !important;"
"C:\xampp\htdocs\aruvi-plus\resources\views\customer\orders.blade.php","341","            display: flex !important;"
"C:\xampp\htdocs\aruvi-plus\resources\views\customer\orders.blade.php","344","            border-radius: 50% !important;"
"C:\xampp\htdocs\aruvi-plus\resources\views\customer\orders.blade.php","345","            border: 1px solid var(--beige-soft) !important;"
"C:\xampp\htdocs\aruvi-plus\resources\views\customer\orders.blade.php","346","            background: #fff !important;"
"C:\xampp\htdocs\aruvi-plus\resources\views\customer\orders.blade.php","347","            color: var(--primary) !important;"
"C:\xampp\htdocs\aruvi-plus\resources\views\customer\orders.blade.php","352","            padding: 0 !important;"
"C:\xampp\htdocs\aruvi-plus\resources\views\customer\orders.blade.php","357","            background: var(--primary) !important;"
"C:\xampp\htdocs\aruvi-plus\resources\views\customer\orders.blade.php","358","            color: #fff !important;"
"C:\xampp\htdocs\aruvi-plus\resources\views\customer\orders.blade.php","359","            border-color: var(--primary) !important;"
"C:\xampp\htdocs\aruvi-plus\resources\views\customer\orders.blade.php","365","            background: var(--primary) !important;"
"C:\xampp\htdocs\aruvi-plus\resources\views\customer\orders.blade.php","366","            color: #fff !important;"
"C:\xampp\htdocs\aruvi-plus\resources\views\customer\orders.blade.php","367","            border-color: var(--primary) !important;"
"C:\xampp\htdocs\aruvi-plus\resources\views\customer\orders.blade.php","374","            background: #f9f9f9 !important;"
"C:\xampp\htdocs\aruvi-plus\resources\views\customer\orders.blade.php","439","                padding-left: 15px !important;"
"C:\xampp\htdocs\aruvi-plus\resources\views\customer\orders.blade.php","440","                padding-right: 15px !important;"
"C:\xampp\htdocs\aruvi-plus\resources\views\customer\orders.blade.php","441","                width: 100% !important;"
"C:\xampp\htdocs\aruvi-plus\resources\views\customer\orders.blade.php","442","                max-width: 100% !important;"
"C:\xampp\htdocs\aruvi-plus\resources\views\customer\orders.blade.php","466","                padding-left: 15px !important;"
"C:\xampp\htdocs\aruvi-plus\resources\views\customer\orders.blade.php","467","                padding-right: 15px !important;"
"C:\xampp\htdocs\aruvi-plus\resources\views\about.blade.php","119","                        padding: 40px 0 !important;"
"C:\xampp\htdocs\aruvi-plus\resources\views\about.blade.php","123","                        flex: 0 0 100% !important;"
"C:\xampp\htdocs\aruvi-plus\resources\views\about.blade.php","124","                        max-width: 100% !important;"
"C:\xampp\htdocs\aruvi-plus\resources\views\about.blade.php","125","                        padding: 0 15px !important;"
"C:\xampp\htdocs\aruvi-plus\resources\views\about.blade.php","126","                        margin-bottom: 40px !important; /* Reduced from 70px */"
"C:\xampp\htdocs\aruvi-plus\resources\views\about.blade.php","128","                        left: 0 !important;"
"C:\xampp\htdocs\aruvi-plus\resources\views\about.blade.php","129","                        text-align: center !important;"
"C:\xampp\htdocs\aruvi-plus\resources\views\about.blade.php","134","                        max-width: 220px !important; /* Much smaller container for mobile */"
"C:\xampp\htdocs\aruvi-plus\resources\views\about.blade.php","135","                        margin: 40px auto 0 !important; /* Move down and center */"
"C:\xampp\htdocs\aruvi-plus\resources\views\about.blade.php","136","                        padding-top: 0 !important; /* Ensure no padding breaks alignment */"
"C:\xampp\htdocs\aruvi-plus\resources\views\about.blade.php","143","                        text-align: center !important;"
"C:\xampp\htdocs\aruvi-plus\resources\views\about.blade.php","147","                        margin: 0 auto 15px auto !important;"
"C:\xampp\htdocs\aruvi-plus\resources\views\about.blade.php","152","                        display: grid !important;"
"C:\xampp\htdocs\aruvi-plus\resources\views\about.blade.php","153","                        grid-template-columns: 1fr 1fr !important;"
"C:\xampp\htdocs\aruvi-plus\resources\views\about.blade.php","154","                        gap: 30px 15px !important;"
"C:\xampp\htdocs\aruvi-plus\resources\views\about.blade.php","159","                        flex-direction: column !important;"
"C:\xampp\htdocs\aruvi-plus\resources\views\about.blade.php","160","                        text-align: center !important;"
"C:\xampp\htdocs\aruvi-plus\resources\views\about.blade.php","161","                        gap: 15px !important;"
"C:\xampp\htdocs\aruvi-plus\resources\views\about.blade.php","162","                        margin-bottom: 0 !important;"
"C:\xampp\htdocs\aruvi-plus\resources\views\about.blade.php","171","                        grid-template-columns: 1fr 1fr !important;"
"C:\xampp\htdocs\aruvi-plus\resources\views\about.blade.php","172","                        gap: 20px 15px !important;"
"C:\xampp\htdocs\aruvi-plus\resources\views\about.blade.php","176","                        padding: 25px 15px !important;"
"C:\xampp\htdocs\aruvi-plus\resources\views\about.blade.php","180","                        width: 60px !important;"
"C:\xampp\htdocs\aruvi-plus\resources\views\about.blade.php","181","                        height: 60px !important;"
"C:\xampp\htdocs\aruvi-plus\resources\views\about.blade.php","182","                        font-size: 24px !important;"
"C:\xampp\htdocs\aruvi-plus\resources\views\about.blade.php","183","                        margin-bottom: 15px !important;"
"C:\xampp\htdocs\aruvi-plus\resources\views\about.blade.php","187","                        font-size: 16px !important;"
"C:\xampp\htdocs\aruvi-plus\resources\views\about.blade.php","191","                        font-size: 13px !important;"
"C:\xampp\htdocs\aruvi-plus\resources\views\about.blade.php","192","                        line-height: 1.4 !important;"
"C:\xampp\htdocs\aruvi-plus\resources\views\about.blade.php","196","                        width: 100% !important;"
"C:\xampp\htdocs\aruvi-plus\resources\views\about.blade.php","197","                        height: 100% !important;"
"C:\xampp\htdocs\aruvi-plus\resources\views\about.blade.php","202","                            rgba(194, 24, 91, 0.6)) !important;"
"C:\xampp\htdocs\aruvi-plus\resources\views\about.blade.php","203","                        mask: radial-gradient(circle, transparent 60%, #000 62%) !important;"
"C:\xampp\htdocs\aruvi-plus\resources\views\about.blade.php","204","                        -webkit-mask: radial-gradient(circle, transparent 60%, #000 62%) !important;"
"C:\xampp\htdocs\aruvi-plus\resources\views\about.blade.php","208","                        width: 130% !important;"
"C:\xampp\htdocs\aruvi-plus\resources\views\about.blade.php","209","                        height: 130% !important;"
"C:\xampp\htdocs\aruvi-plus\resources\views\about.blade.php","214","                            rgba(212, 175, 55, 0.5)) !important;"
"C:\xampp\htdocs\aruvi-plus\resources\views\about.blade.php","215","                        mask: radial-gradient(circle, transparent 64%, #000 66%) !important;"
"C:\xampp\htdocs\aruvi-plus\resources\views\about.blade.php","216","                        -webkit-mask: radial-gradient(circle, transparent 64%, #000 66%) !important;"
"C:\xampp\htdocs\aruvi-plus\resources\views\about.blade.php","375","                    style=""color: #fff !important; font-size: 42px; margin-bottom: 15px; text-shadow: 0 4px 10px rgba(0,0,0,0.3);"">"
"C:\xampp\htdocs\aruvi-plus\resources\views\about.blade.php","378","                    style=""color: #ddd !important; font-size: 18px; max-width: 700px; margin: 0 auto;"">"
"C:\xampp\htdocs\aruvi-plus\resources\views\blog-show.blade.php","117","                margin-bottom: 30px !important;"
"C:\xampp\htdocs\aruvi-plus\resources\views\blog-show.blade.php","121","                font-size: 1.05rem !important;"
"C:\xampp\htdocs\aruvi-plus\resources\views\blog-show.blade.php","122","                line-height: 1.7 !important;"
"C:\xampp\htdocs\aruvi-plus\resources\views\blog-show.blade.php","126","                flex-direction: column !important;"
"C:\xampp\htdocs\aruvi-plus\resources\views\blog-show.blade.php","127","                align-items: flex-start !important;"
"C:\xampp\htdocs\aruvi-plus\resources\views\blog-show.blade.php","128","                gap: 10px !important;"
"C:\xampp\htdocs\aruvi-plus\resources\views\blog-show.blade.php","138","                padding-left: 15px !important;"
"C:\xampp\htdocs\aruvi-plus\resources\views\blog-show.blade.php","139","                border-left-width: 4px !important;"
"C:\xampp\htdocs\aruvi-plus\resources\views\cart.blade.php","35","            color: var(--accent) !important;"
"C:\xampp\htdocs\aruvi-plus\resources\views\cart.blade.php","57","            color: #b0185e !important;"
"C:\xampp\htdocs\aruvi-plus\resources\views\cart.blade.php","68","                color: #b0185e !important;"
"C:\xampp\htdocs\aruvi-plus\resources\views\cart.blade.php","150","            color: var(--primary) !important;"
"C:\xampp\htdocs\aruvi-plus\resources\views\cart.blade.php","237","            color: var(--primary) !important;"
"C:\xampp\htdocs\aruvi-plus\resources\views\cart.blade.php","350","            color: var(--primary) !important;"
"C:\xampp\htdocs\aruvi-plus\resources\views\cart.blade.php","357","                width: 100% !important;"
"C:\xampp\htdocs\aruvi-plus\resources\views\cart.blade.php","363","                color: #b0185e !important;"
"C:\xampp\htdocs\aruvi-plus\resources\views\cart.blade.php","426","                flex-direction: column !important;"
"C:\xampp\htdocs\aruvi-plus\resources\views\cart.blade.php","427","                gap: 15px !important;"
"C:\xampp\htdocs\aruvi-plus\resources\views\cart.blade.php","428","                align-items: flex-start !important;"
"C:\xampp\htdocs\aruvi-plus\resources\views\cart.blade.php","434","                padding: 0 12px !important;"
"C:\xampp\htdocs\aruvi-plus\resources\views\cart.blade.php","438","                padding: 15px 10px !important;"
"C:\xampp\htdocs\aruvi-plus\resources\views\cart.blade.php","453","                position: static !important;"
"C:\xampp\htdocs\aruvi-plus\resources\views\cart.blade.php","454","                display: block !important;"
"C:\xampp\htdocs\aruvi-plus\resources\views\cart.blade.php","458","                margin: 0 !important;"
"C:\xampp\htdocs\aruvi-plus\resources\views\cart.blade.php","513","                            color: #fff !important;"
"C:\xampp\htdocs\aruvi-plus\resources\views\checkout.blade.php","37","            color: #fff !important;"
"C:\xampp\htdocs\aruvi-plus\resources\views\checkout.blade.php","129","                width: 100% !important;"
"C:\xampp\htdocs\aruvi-plus\resources\views\checkout.blade.php","196","            color: white !important;"
"C:\xampp\htdocs\aruvi-plus\resources\views\checkout.blade.php","220","                padding: 60px 15px 40px !important;"
"C:\xampp\htdocs\aruvi-plus\resources\views\checkout.blade.php","224","                font-size: 2.2rem !important;"
"C:\xampp\htdocs\aruvi-plus\resources\views\checkout.blade.php","228","                font-size: 0.9rem !important;"
"C:\xampp\htdocs\aruvi-plus\resources\views\checkout.blade.php","233","                padding: 20px 15px !important;"
"C:\xampp\htdocs\aruvi-plus\resources\views\checkout.blade.php","234","                border-radius: 16px !important;"
"C:\xampp\htdocs\aruvi-plus\resources\views\checkout.blade.php","238","                font-size: 1.25rem !important;"
"C:\xampp\htdocs\aruvi-plus\resources\views\checkout.blade.php","239","                margin-bottom: 20px !important;"
"C:\xampp\htdocs\aruvi-plus\resources\views\checkout.blade.php","243","                padding: 12px 15px !important;"
"C:\xampp\htdocs\aruvi-plus\resources\views\checkout.blade.php","244","                font-size: 0.95rem !important;"
"C:\xampp\htdocs\aruvi-plus\resources\views\checkout.blade.php","248","                padding: 15px !important;"
"C:\xampp\htdocs\aruvi-plus\resources\views\checkout.blade.php","249","                gap: 10px !important;"
"C:\xampp\htdocs\aruvi-plus\resources\views\checkout.blade.php","253","                font-size: 0.85rem !important;"
"C:\xampp\htdocs\aruvi-plus\resources\views\checkout.blade.php","257","                padding: 4px 8px !important;"
"C:\xampp\htdocs\aruvi-plus\resources\views\checkout.blade.php","258","                font-size: 0.65rem !important;"
"C:\xampp\htdocs\aruvi-plus\resources\views\checkout.blade.php","262","                padding: 15px !important;"
"C:\xampp\htdocs\aruvi-plus\resources\views\checkout.blade.php","266","                font-size: 1rem !important;"
"C:\xampp\htdocs\aruvi-plus\resources\views\checkout.blade.php","270","                font-size: 1.5rem !important;"
"C:\xampp\htdocs\aruvi-plus\resources\views\checkout.blade.php","274","                padding: 16px !important;"
"C:\xampp\htdocs\aruvi-plus\resources\views\checkout.blade.php","275","                font-size: 1rem !important;"
"C:\xampp\htdocs\aruvi-plus\resources\views\checkout.blade.php","763","            border-color: #c2185b !important;"
"C:\xampp\htdocs\aruvi-plus\resources\views\checkout.blade.php","764","            background: #fff9fb !important;"
"C:\xampp\htdocs\aruvi-plus\resources\views\contact.blade.php","19","                <h3 class=""mt-0"" style=""font-weight: 700 !important; font-size: 22px !important;"">Reach Us</h3>"
"C:\xampp\htdocs\aruvi-plus\resources\views\contact.blade.php","68","                <h3 class=""mt-0"" style=""font-weight: 700 !important; font-size: 22px !important; margin-bottom: 20px !important;"">Send an Inquiry</h3>"
"C:\xampp\htdocs\aruvi-plus\resources\views\contact.blade.php","105","        color: #d32f2f !important;"
"C:\xampp\htdocs\aruvi-plus\resources\views\contact.blade.php","106","        font-size: 13px !important;"
"C:\xampp\htdocs\aruvi-plus\resources\views\contact.blade.php","107","        margin-top: 5px !important;"
"C:\xampp\htdocs\aruvi-plus\resources\views\contact.blade.php","108","        display: block !important;"
"C:\xampp\htdocs\aruvi-plus\resources\views\contact.blade.php","109","        font-weight: 400 !important;"
"C:\xampp\htdocs\aruvi-plus\resources\views\contact.blade.php","110","        text-align: left !important;"
"C:\xampp\htdocs\aruvi-plus\resources\views\contact.blade.php","113","        border-color: #d32f2f !important;"
"C:\xampp\htdocs\aruvi-plus\resources\views\index.blade.php","38","                    style=""display: flex !important; top: 50%; transform: translateY(-50%);""><i"
"C:\xampp\htdocs\aruvi-plus\resources\views\index.blade.php","42","                    style=""display: flex !important; top: 50%; transform: translateY(-50%);""><i"
"C:\xampp\htdocs\aruvi-plus\resources\views\order-success.blade.php","116","            color: #fff !important;"
"C:\xampp\htdocs\aruvi-plus\resources\views\order-success.blade.php","127","            color: var(--primary) !important;"
"C:\xampp\htdocs\aruvi-plus\resources\views\order-success.blade.php","135","            color: #fff !important;"
"C:\xampp\htdocs\aruvi-plus\resources\views\order-success.blade.php","162","                width: 100% !important;"
"C:\xampp\htdocs\aruvi-plus\resources\views\order-success.blade.php","185","                    padding: 35px 15px !important;"
"C:\xampp\htdocs\aruvi-plus\resources\views\order-success.blade.php","186","                    margin: 0 !important;"
"C:\xampp\htdocs\aruvi-plus\resources\views\order-success.blade.php","187","                    width: 100% !important;"
"C:\xampp\htdocs\aruvi-plus\resources\views\order-success.blade.php","188","                    border-radius: 20px !important;"
"C:\xampp\htdocs\aruvi-plus\resources\views\order-success.blade.php","192","                    width: 80px !important;"
"C:\xampp\htdocs\aruvi-plus\resources\views\order-success.blade.php","193","                    height: 80px !important;"
"C:\xampp\htdocs\aruvi-plus\resources\views\order-success.blade.php","194","                    font-size: 35px !important;"
"C:\xampp\htdocs\aruvi-plus\resources\views\order-success.blade.php","198","                    font-size: 1.6rem !important;"
"C:\xampp\htdocs\aruvi-plus\resources\views\order-success.blade.php","202","                    font-size: 0.9rem !important;"
"C:\xampp\htdocs\aruvi-plus\resources\views\order-success.blade.php","203","                    margin-bottom: 25px !important;"
"C:\xampp\htdocs\aruvi-plus\resources\views\order-success.blade.php","207","                    padding: 20px 15px !important;"
"C:\xampp\htdocs\aruvi-plus\resources\views\order-success.blade.php","211","                    flex-direction: column !important;"
"C:\xampp\htdocs\aruvi-plus\resources\views\order-success.blade.php","212","                    align-items: flex-start !important;"
"C:\xampp\htdocs\aruvi-plus\resources\views\order-success.blade.php","213","                    gap: 5px !important;"
"C:\xampp\htdocs\aruvi-plus\resources\views\order-success.blade.php","214","                    margin-bottom: 15px !important;"
"C:\xampp\htdocs\aruvi-plus\resources\views\order-success.blade.php","215","                    text-align: left !important;"
"C:\xampp\htdocs\aruvi-plus\resources\views\order-success.blade.php","219","                    font-size: 1rem !important;"
"C:\xampp\htdocs\aruvi-plus\resources\views\order-success.blade.php","224","                    display: flex !important;"
"C:\xampp\htdocs\aruvi-plus\resources\views\order-success.blade.php","225","                    flex-direction: column !important;"
"C:\xampp\htdocs\aruvi-plus\resources\views\order-success.blade.php","226","                    align-items: flex-start !important;"
"C:\xampp\htdocs\aruvi-plus\resources\views\order-success.blade.php","231","                    font-size: 1.1rem !important;"
"C:\xampp\htdocs\aruvi-plus\resources\views\order-success.blade.php","235","                    font-size: 1.4rem !important;"
"C:\xampp\htdocs\aruvi-plus\resources\views\product-detail.blade.php","10","            font-size: 11px !important;"
"C:\xampp\htdocs\aruvi-plus\resources\views\product-detail.blade.php","13","            font-size: 11px !important;"
"C:\xampp\htdocs\aruvi-plus\resources\views\product-show.blade.php","160","            .tab-trigger.active { color: #ff6d00 !important; }"
"C:\xampp\htdocs\aruvi-plus\resources\views\shop.blade.php","141","        display: none !important;"
"C:\xampp\htdocs\aruvi-plus\resources\views\shop.blade.php","176","        display: grid !important;"
"C:\xampp\htdocs\aruvi-plus\resources\views\shop.blade.php","177","        grid-template-columns: repeat(3, 1fr) !important;"
"C:\xampp\htdocs\aruvi-plus\resources\views\shop.blade.php","178","        gap: 20px !important;"
"C:\xampp\htdocs\aruvi-plus\resources\views\shop.blade.php","183","        max-width: 100% !important;"
"C:\xampp\htdocs\aruvi-plus\resources\views\shop.blade.php","184","        width: 100% !important;"
"C:\xampp\htdocs\aruvi-plus\resources\views\shop.blade.php","185","        padding: 0 30px !important;"
"C:\xampp\htdocs\aruvi-plus\resources\views\shop.blade.php","190","            padding: 40px 0 !important;"
"C:\xampp\htdocs\aruvi-plus\resources\views\shop.blade.php","194","            padding: 0 15px !important;"
"C:\xampp\htdocs\aruvi-plus\resources\views\shop.blade.php","203","            padding: 0 15px !important;"
"C:\xampp\htdocs\aruvi-plus\resources\views\shop.blade.php","210","            display: none !important;"
"C:\xampp\htdocs\aruvi-plus\resources\views\shop.blade.php","215","            padding: 20px 15px !important;"
"C:\xampp\htdocs\aruvi-plus\resources\views\shop.blade.php","224","            margin-bottom: 20px !important;"
"C:\xampp\htdocs\aruvi-plus\resources\views\shop.blade.php","228","            gap: 10px !important;"
"C:\xampp\htdocs\aruvi-plus\resources\views\shop.blade.php","229","            grid-template-columns: repeat(2, 1fr) !important;"
"C:\xampp\htdocs\aruvi-plus\resources\views\shop.blade.php","233","            border-radius: 12px !important;"
"C:\xampp\htdocs\aruvi-plus\resources\views\shop.blade.php","237","            height: 140px !important;"
"C:\xampp\htdocs\aruvi-plus\resources\views\shop.blade.php","241","            padding: 10px 12px !important;"
"C:\xampp\htdocs\aruvi-plus\resources\views\shop.blade.php","242","            gap: 5px !important;"
"C:\xampp\htdocs\aruvi-plus\resources\views\shop.blade.php","246","            font-size: 14px !important;"
"C:\xampp\htdocs\aruvi-plus\resources\views\shop.blade.php","247","            min-height: 40px !important;"
"C:\xampp\htdocs\aruvi-plus\resources\views\shop.blade.php","248","            display: -webkit-box !important;"
"C:\xampp\htdocs\aruvi-plus\resources\views\shop.blade.php","249","            -webkit-line-clamp: 2 !important;"
"C:\xampp\htdocs\aruvi-plus\resources\views\shop.blade.php","250","            -webkit-box-orient: vertical !important;"
"C:\xampp\htdocs\aruvi-plus\resources\views\shop.blade.php","251","            overflow: hidden !important;"
"C:\xampp\htdocs\aruvi-plus\resources\views\shop.blade.php","255","            font-size: 16px !important;"
"C:\xampp\htdocs\aruvi-plus\resources\views\shop.blade.php","259","            padding: 8px !important;"
"C:\xampp\htdocs\aruvi-plus\resources\views\shop.blade.php","260","            font-size: 11px !important;"
"C:\xampp\htdocs\aruvi-plus\resources\views\shop.blade.php","264","            font-size: 10px !important;"
"C:\xampp\htdocs\aruvi-plus\resources\views\shop.blade.php","265","            gap: 2px !important;"
"C:\xampp\htdocs\aruvi-plus\resources\views\shop.blade.php","269","            font-size: 9px !important;"
"C:\xampp\htdocs\aruvi-plus\resources\views\shop.blade.php","273","            font-size: 9px !important;"
"C:\xampp\htdocs\aruvi-plus\resources\views\shop.blade.php","274","            padding: 4px 10px !important;"
"C:\xampp\htdocs\aruvi-plus\resources\views\shop.blade.php","275","            top: 10px !important;"
"C:\xampp\htdocs\aruvi-plus\resources\views\shop.blade.php","276","            left: 10px !important;"
"C:\xampp\htdocs\aruvi-plus\resources\views\shop.blade.php","280","            gap: 20px !important;"
"C:\xampp\htdocs\aruvi-plus\resources\views\shop.blade.php","334","            grid-template-columns: repeat(2, 1fr) !important;"
"C:\xampp\htdocs\aruvi-plus\resources\views\shop.blade.php","343","            width: 100% !important;"
"C:\xampp\htdocs\aruvi-plus\resources\views\shop.blade.php","344","            margin-bottom: 30px !important;"
"C:\xampp\htdocs\aruvi-plus\resources\views\shop.blade.php","349","            width: 100% !important;"
"C:\xampp\htdocs\aruvi-plus\resources\views\shop.blade.php","354","        background: #fff !important;"
"C:\xampp\htdocs\aruvi-plus\resources\views\shop.blade.php","355","        border-radius: 20px !important;"
"C:\xampp\htdocs\aruvi-plus\resources\views\shop.blade.php","360","        height: auto !important;"
"C:\xampp\htdocs\aruvi-plus\resources\views\shop.blade.php","361","        min-height: unset !important;"
"C:\xampp\htdocs\aruvi-plus\resources\views\shop.blade.php","362","        border: 1px solid #f0f0f0 !important;"
"C:\xampp\htdocs\aruvi-plus\resources\views\shop.blade.php","363","        box-shadow: 0 5px 15px rgba(0,0,0,0.05) !important;"
"C:\xampp\htdocs\aruvi-plus\resources\views\shop.blade.php","366","        width: 100% !important;"
"C:\xampp\htdocs\aruvi-plus\resources\views\shop.blade.php","394","        width: 100% !important;"
"C:\xampp\htdocs\aruvi-plus\resources\views\shop.blade.php","419","        background: var(--icon-gradient) !important;"
"C:\xampp\htdocs\aruvi-plus\resources\views\shop.blade.php","420","        color: #fff !important;"
